{
  "model_version": "v20260405_103948",
  "model_type": "XGBoost",
  "features": [
    "sgpa",
    "jee_score",
    "marks_12",
    "attendance",
    "gender"
  ],
  "protected_attribute": "gender",
  "data_source": "csv:500_records",
  "training_samples": 400,
  "test_samples": 100,
  "accuracy": 0.94,
  "auc_roc": 0.9847,
  "f1_score": 0.9444,
  "cross_val_mean": 0.9909,
  "cross_val_std": 0.0041,
  "classification_report": {
    "0": {
      "precision": 0.9555555555555556,
      "recall": 0.9148936170212766,
      "f1-score": 0.9347826086956522,
      "support": 47.0
    },
    "1": {
      "precision": 0.9272727272727272,
      "recall": 0.9622641509433962,
      "f1-score": 0.9444444444444444,
      "support": 53.0
    },
    "accuracy": 0.94,
    "macro avg": {
      "precision": 0.9414141414141415,
      "recall": 0.9385788839823364,
      "f1-score": 0.9396135265700483,
      "support": 100.0
    },
    "weighted avg": {
      "precision": 0.9405656565656565,
      "recall": 0.94,
      "f1-score": 0.9399033816425121,
      "support": 100.0
    }
  },
  "trained_at": "2026-04-05T10:39:48.882055+00:00",
  "test_data_path": "storage/models\\test_data.csv"
}